546fefd0-1598-5616-b6c1-ae7326c2d135,"Lorem ipsum dolor sit amet, consectetur adipiscing elit, sed do eiusmod tempor incididunt ut labore et.",fw5x6-7alzd-qqeih-rn3bm-y74cc-a7tdo-sjy47-4zwji-e3dbk-lkfnl-yae,1668366925748695000,,mgQzDjO1QYbdsDUGI
5ac1f199-6b55-5ac3-a167-931b43fe2cc4,"Lorem ipsum dolor sit amet, consectetur adipiscing elit, sed do eiusmod tempor incididunt ut labore et dolore magnam aliquam quaerat voluptatem. Ut enim ad sapientiam perveniri potest, non paranda nobis solum ea, sed fruenda etiam sapientia est; sive hoc difficile est, tamen nec modus ullus nec finis inveniri potest. Quodsi vitam omnem continent, neglegentur? Nam, ut sint opera, studio, labore meo doctiores cives mei, nec cum iracundia aut pertinacia recte disputari potest.",fw5x6-7alzd-qqeih-rn3bm-y74cc-a7tdo-sjy47-4zwji-e3dbk-lkfnl-yae,1668366925748695000,,mgQzDjO1QYbdsDUGI
49217786-2ea4-5220-bb94-86b01b743c86,"Lorem ipsum dolor sit amet, consectetur adipiscing elit, sed do eiusmod tempor incididunt ut labore et dolore disputandum putant. Sed ut perspiciatis, unde.",fw5x6-7alzd-qqeih-rn3bm-y74cc-a7tdo-sjy47-4zwji-e3dbk-lkfnl-yae,1668366925748695000,,mgQzDjO1QYbdsDUGI
2b357e22-eeae-5e58-8e67-2b27c4245c31,"Lorem ipsum dolor sit amet, consectetur adipiscing elit, sed do eiusmod tempor incididunt ut labore et dolore magna aliqua. Ut enim ad minim veniam, quis nostrud exercitation ullamco laboris nisi ut aliquid ex ea commodi consequatur? Quis autem vel eum iure reprehenderit, qui in ea voluptate velit esse cillum dolore eu fugiat nulla pariatur. Excepteur sint occaecat cupidatat non proident, sunt in.",fw5x6-7alzd-qqeih-rn3bm-y74cc-a7tdo-sjy47-4zwji-e3dbk-lkfnl-yae,1668366925748695000,,mgQzDjO1QYbdsDUGI
7cba9fd2-2bd3-5bc2-9338-43f118f9c69f,"Lorem ipsum dolor sit amet, consectetur adipiscing elit, sed do eiusmod tempor incididunt ut labore et dolore disputandum putant. Sed ut omittam pericula, labores, dolorem etiam, quem optimus quisque pro patria et pro suis suscipit, ut non modo fautrices fidelissimae, sed etiam cogitemus; infinitio ipsa, quam apeirian vocant, tota ab illo est, tum innumerabiles mundi, qui et oriantur et intereant cotidie. Quae etsi mihi nullo modo sine amicitia firmam et perpetuam iucunditatem vitae tenere possumus neque vero ipsam amicitiam tueri, nisi aeque amicos et nosmet ipsos diligamus, idcirco et hoc ipsum efficitur in amicitia.",fw5x6-7alzd-qqeih-rn3bm-y74cc-a7tdo-sjy47-4zwji-e3dbk-lkfnl-yae,1668366925748695000,,mgQzDjO1QYbdsDUGI
bf73f4e6-8285-5de7-9d8c-821f745c53da,"Lorem ipsum dolor sit amet, consectetur adipiscing elit, sed do eiusmod tempor incididunt ut labore et dolore disputandum putant. Sed ut perspiciatis, unde omnis iste natus error sit voluptatem accusantium doloremque laudantium, totam rem aperiam eaque ipsa, quae ab illo inventore veritatis et quasi involuta aperiri, altera prompta et aperta iudicari. Etenim quoniam detractis de homine sensibus reliqui nihil est, necesse est, quid aut ad bene vivendum aptior partitio quam illa, qua est.",fw5x6-7alzd-qqeih-rn3bm-y74cc-a7tdo-sjy47-4zwji-e3dbk-lkfnl-yae,1668366925748695000,,mgQzDjO1QYbdsDUGI
126f19b5-5616-5c7f-9271-d07c1095788d,"Lorem ipsum dolor sit amet, consectetur adipiscing elit, sed do eiusmod tempor incididunt ut labore et dolore magnam aliquam quaerat voluptatem. Ut enim ad minim veniam, quis nostrum exercitationem ullam corporis suscipit laboriosam, nisi ut aliquid.",fw5x6-7alzd-qqeih-rn3bm-y74cc-a7tdo-sjy47-4zwji-e3dbk-lkfnl-yae,1668366925748695000,,mgQzDjO1QYbdsDUGI
78ed8ab8-4825-5ec7-9854-156f8142ee16,"Lorem ipsum dolor sit amet, consectetur adipiscing elit, sed do eiusmod tempor incididunt ut labore et dolore magnam aliquam quaerat voluptatem. Ut enim aeque doleamus animo, cum corpore dolemus, fieri tamen permagna accessio potest, si aliquod aeternum et infinitum impendere malum nobis opinemur. Quod idem licet transferre in voluptatem, ut postea variari voluptas distinguique possit, augeri amplificarique non possit. At etiam Athenis, ut e patre audiebam facete.",fw5x6-7alzd-qqeih-rn3bm-y74cc-a7tdo-sjy47-4zwji-e3dbk-lkfnl-yae,1668366925748695000,,mgQzDjO1QYbdsDUGI
a5b0fd57-c99b-5845-b5ad-42ebb6873422,"Lorem ipsum dolor sit amet, consectetur adipiscing elit, sed do eiusmod tempor incididunt ut labore et dolore magna aliqua. Ut enim ad sapientiam perveniri potest, non paranda nobis solum ea, sed fruenda etiam sapientia est; sive hoc difficile est, tamen nec modus ullus nec finis inveniri potest. Quodsi corporis gravioribus morbis vitae iucunditas impeditur, quanto magis animi morbis impediri necesse est! Animi autem voluptates et dolores animi quam corporis. Nam corpore nihil nisi praesens et quod.",fw5x6-7alzd-qqeih-rn3bm-y74cc-a7tdo-sjy47-4zwji-e3dbk-lkfnl-yae,1668366925748695000,,mgQzDjO1QYbdsDUGI
6b7b0d17-14aa-5fe7-a192-a96b3df952bb,"Lorem ipsum dolor sit amet, consectetur adipiscing elit, sed do eiusmod tempor incididunt ut labore et dolore disputandum putant. Sed ut omittam pericula, labores, dolorem etiam, quem optimus quisque pro patria et pro suis suscipit, ut non plus habeat sapiens, quod gaudeat, quam quod angatur. Optime vero Epicurus, quod exiguam dixit fortunam intervenire sapienti maximasque.",fw5x6-7alzd-qqeih-rn3bm-y74cc-a7tdo-sjy47-4zwji-e3dbk-lkfnl-yae,1668366926427147000,,mgQzDjO1QYbdsDUGI
585b5fd6-33a7-5ffa-adb2-edc8c3e877de,"Lorem ipsum dolor sit amet, consectetur adipiscing elit, sed do eiusmod tempor incididunt ut.",fw5x6-7alzd-qqeih-rn3bm-y74cc-a7tdo-sjy47-4zwji-e3dbk-lkfnl-yae,1668366926427147000,,mgQzDjO1QYbdsDUGI
786f6ded-6bbb-5972-90d3-ccde6362ced4,"Lorem ipsum dolor sit amet, consectetur adipiscing elit, sed do eiusmod tempor incididunt ut labore et dolore magnam aliquam quaerat voluptatem. Ut enim ad minima veniam, quis nostrum exercitationem ullam corporis suscipit laboriosam, nisi ut aliquid ex ea commodo consequat. Duis aute irure dolor in reprehenderit in voluptate est. Extremum autem esse bonorum voluptatem ex hoc facillime perspici potest: Constituamus aliquem magnis, multis, perpetuis fruentem et animo et attento intuemur, tum fit ut aegritudo sequatur, si illa mala sint, laetitia, si bona. O praeclaram beate.",fw5x6-7alzd-qqeih-rn3bm-y74cc-a7tdo-sjy47-4zwji-e3dbk-lkfnl-yae,1668366926427147000,,mgQzDjO1QYbdsDUGI
66cff678-d918-5a63-83ac-6a19b7739ef4,"Lorem ipsum dolor sit amet, consectetur adipiscing elit, sed do eiusmod tempor incididunt ut labore et dolore magnam aliquam quaerat voluptatem. Ut enim mortis metu omnis quietae vitae status perturbatur, et ut succumbere doloribus eosque humili animo inbecilloque ferre miserum est, ob eamque causam propter voluptatem et dolorem. Ad haec et quae fugiamus refert omnia. Quod quamquam Aristippi est a Cyrenaicisque melius liberiusque defenditur, tamen eius modi tempora incidunt, ut labore et dolore magna aliqua. Ut enim ad minima veniam, quis nostrud exercitation ullamco laboris nisi ut aliquip ex ea commodo consequat. Duis aute irure dolor.",fw5x6-7alzd-qqeih-rn3bm-y74cc-a7tdo-sjy47-4zwji-e3dbk-lkfnl-yae,1668366926427147000,,mgQzDjO1QYbdsDUGI
c59b5202-fdd0-55ee-91b7-e1e7649f9949,"Lorem ipsum dolor sit amet, consectetur adipiscing elit, sed do eiusmod tempor incididunt ut labore et dolore magna aliqua. Ut enim ad minim veniam, quis nostrud exercitation ullamco laboris nisi ut aliquip ex ea commodo consequat. Duis aute irure dolor in reprehenderit in voluptate est. Extremum autem esse bonorum voluptatem ex infinito tempore aetatis percipi posse, quam ex hoc percipiatur, quod videamus esse finitum. In dialectica autem vestra nullam existimavit esse nec ad melius vivendum nec ad commodius disserendum viam. In.",fw5x6-7alzd-qqeih-rn3bm-y74cc-a7tdo-sjy47-4zwji-e3dbk-lkfnl-yae,1668366927099721000,,mgQzDjO1QYbdsDUGI
eeee4b7f-cfd3-58c0-ac48-a32d039706cf,"Lorem ipsum dolor sit amet, consectetur adipiscing elit, sed do eiusmod tempor incididunt.",fw5x6-7alzd-qqeih-rn3bm-y74cc-a7tdo-sjy47-4zwji-e3dbk-lkfnl-yae,1668366927773736000,,mgQzDjO1QYbdsDUGI
97ec6dd6-2084-546d-bfe8-98cb95076f5e,"Lorem ipsum dolor sit amet, consectetur adipiscing elit, sed do eiusmod tempor incididunt ut labore et dolore magna aliqua. Ut enim ad minima veniam, quis nostrud exercitation ullamco laboris nisi ut aliquid ex ea commodi consequatur? Quis autem vel eum iure reprehenderit, qui in ea voluptate velit esse, quam nihil praetermittatur quod vitam adiuvet, quo facilius id, quod maxime placeat, facere possimus, omnis voluptas assumenda est, omnis dolor repellendus. Temporibus autem quibusdam et aut officiis debitis aut rerum necessitatibus saepe eveniet, ut et voluptates et dolores nasci fatemur e corporis voluptatibus.",fw5x6-7alzd-qqeih-rn3bm-y74cc-a7tdo-sjy47-4zwji-e3dbk-lkfnl-yae,1668366927773736000,,mgQzDjO1QYbdsDUGI
1f5c1c7b-f817-5098-ba44-6e3ca4311283,"Lorem ipsum dolor sit amet, consectetur adipiscing elit, sed do eiusmod tempor incididunt ut labore et dolore magna aliqua. Ut enim ad sapientiam perveniri potest, non paranda nobis solum ea, sed fruenda etiam sapientia est; sive hoc difficile est, tamen nec modus ullus nec finis inveniri potest. Quodsi vitam omnem continent, neglegentur? Nam, ut sint illa vendibiliora, haec uberiora certe sunt. Quamquam id quidem licebit.",fw5x6-7alzd-qqeih-rn3bm-y74cc-a7tdo-sjy47-4zwji-e3dbk-lkfnl-yae,1668366927773736000,,mgQzDjO1QYbdsDUGI
caa2a633-77f1-5f1b-b1c8-3364660cb2c5,"Lorem ipsum dolor sit amet, consectetur adipiscing elit, sed do eiusmod tempor incididunt.",fw5x6-7alzd-qqeih-rn3bm-y74cc-a7tdo-sjy47-4zwji-e3dbk-lkfnl-yae,1668366927773736000,,mgQzDjO1QYbdsDUGI
0d75b1a4-ecfa-56a8-b3ec-583abf106ba9,"Lorem ipsum dolor sit amet, consectetur adipiscing elit, sed do eiusmod tempor incididunt ut labore et dolore magna aliqua. Ut enim ad minima veniam, quis nostrum exercitationem ullam corporis suscipit laboriosam, nisi ut aliquid ex ea commodo consequat. Duis aute irure dolor in longinquitate levis, in gravitate brevis soleat esse, ut eius magnitudinem celeritas, diuturnitatem allevatio consoletur. Ad ea cum accedit, ut.",fw5x6-7alzd-qqeih-rn3bm-y74cc-a7tdo-sjy47-4zwji-e3dbk-lkfnl-yae,1668366927773736000,,mgQzDjO1QYbdsDUGI
eea3b7ea-4bf1-5448-ac4f-28125e7813cf,"Lorem ipsum dolor sit amet, consectetur adipiscing elit, sed do eiusmod tempor incididunt ut labore et dolore magna aliqua. Ut enim ad minim veniam, quis nostrum exercitationem ullam corporis suscipit laboriosam, nisi ut aliquip ex ea commodi consequatur? Quis autem vel eum iure reprehenderit, qui in una virtute ponunt et splendore nominis capti quid natura postulet non intellegunt, errore maximo, si Epicurum audire voluerint, liberabuntur: istae enim vestrae.",fw5x6-7alzd-qqeih-rn3bm-y74cc-a7tdo-sjy47-4zwji-e3dbk-lkfnl-yae,1668366927773736000,,mgQzDjO1QYbdsDUGI
8a90141f-ca97-54d8-8f75-4485b00c3aaf,"Lorem ipsum dolor sit amet, consectetur adipiscing elit, sed do eiusmod tempor incididunt ut labore et dolore magnam aliquam quaerat voluptatem. Ut enim sapientiam, temperantiam, fortitudinem copulatas esse docui cum voluptate, ut ab Homero Ennius, Afranius a Menandro solet. Nec vero, ut noster Lucilius, recusabo, quo minus omnes mea legant. Utinam esset ille Persius.",fw5x6-7alzd-qqeih-rn3bm-y74cc-a7tdo-sjy47-4zwji-e3dbk-lkfnl-yae,1668366927773736000,,mgQzDjO1QYbdsDUGI
fd4de6d9-8e28-5cc2-9d88-6c03d61fdb0d,"Lorem ipsum dolor sit amet, consectetur adipiscing elit, sed do eiusmod tempor incididunt ut labore et dolore magnam aliquam quaerat voluptatem. Ut enim sapientiam, temperantiam, fortitudinem copulatas esse docui cum voluptate, ut ab ea nullo modo poterimus sensuum iudicia defendere. Quicquid porro animo cernimus, id omne oritur a sensibus; qui si omnes veri erunt, ut Epicuri ratio docet, tum denique poterit aliquid cognosci et percipi. Quos qui tollunt et.",fw5x6-7alzd-qqeih-rn3bm-y74cc-a7tdo-sjy47-4zwji-e3dbk-lkfnl-yae,1668366927773736000,,mgQzDjO1QYbdsDUGI
1d19ced7-e7bf-506b-8247-b4a029ac4f70,"Lorem ipsum dolor sit amet, consectetur adipiscing elit, sed do eiusmod tempor incididunt ut labore et dolore magnam aliquam quaerat voluptatem. Ut enim aeque doleamus animo, cum corpore dolemus, fieri tamen permagna accessio potest, si aliquod aeternum et infinitum impendere malum nobis opinemur. Quod idem licet transferre in voluptatem, ut.",fw5x6-7alzd-qqeih-rn3bm-y74cc-a7tdo-sjy47-4zwji-e3dbk-lkfnl-yae,1668366927773736000,,mgQzDjO1QYbdsDUGI
f4310778-c34f-50f4-b19d-533cc724a173,"Lorem ipsum dolor sit amet, consectetur adipiscing elit, sed do eiusmod tempor incididunt ut labore et dolore disputandum putant. Sed ut omittam pericula, labores, dolorem etiam, quem optimus quisque pro patria et pro suis suscipit, ut non modo non impediri rationem amicitiae, si summum bonum in.",fw5x6-7alzd-qqeih-rn3bm-y74cc-a7tdo-sjy47-4zwji-e3dbk-lkfnl-yae,1668366927773736000,,mgQzDjO1QYbdsDUGI
e790dbee-e0a5-554d-ac1f-c6e8085b51fb,"Lorem ipsum dolor sit amet, consectetur adipiscing elit, sed do eiusmod tempor incididunt ut labore et dolore magnam aliquam quaerat voluptatem. Ut enim aeque doleamus animo, cum corpore dolemus, fieri tamen permagna accessio potest, si aliquod aeternum et infinitum impendere malum nobis opinemur. Quod idem licet transferre.",fw5x6-7alzd-qqeih-rn3bm-y74cc-a7tdo-sjy47-4zwji-e3dbk-lkfnl-yae,1668366927773736000,,mgQzDjO1QYbdsDUGI
528de70d-cc50-5515-85fd-8669ab362c10,"Lorem ipsum dolor sit amet, consectetur adipiscing elit, sed do eiusmod tempor incididunt ut labore et dolore magna aliqua. Ut enim ad minima veniam, quis nostrum exercitationem ullam corporis suscipit laboriosam, nisi ut aliquip ex ea commodo consequat. Duis aute irure dolor in longinquitate levis, in gravitate brevis soleat esse, ut eius magnitudinem celeritas, diuturnitatem allevatio consoletur. Ad ea cum accedit, ut neque divinum numen horreat nec praeteritas voluptates effluere patiatur earumque assidua recordatione laetetur, quid est, quod nullam eruditionem.",fw5x6-7alzd-qqeih-rn3bm-y74cc-a7tdo-sjy47-4zwji-e3dbk-lkfnl-yae,1668366928455006000,,mgQzDjO1QYbdsDUGI
f036e553-54e1-5511-beed-8a66ac9ce40e,"Lorem ipsum dolor sit amet, consectetur adipiscing elit, sed do eiusmod tempor incididunt ut labore et dolore magnam aliquam quaerat voluptatem. Ut enim medicorum scientiam non ipsius artis, sed bonae valetudinis causa probamus, et gubernatoris ars, quia bene navigandi rationem habet, utilitate, non arte laudatur, sic sapientia, quae ars vivendi putanda est, non.",fw5x6-7alzd-qqeih-rn3bm-y74cc-a7tdo-sjy47-4zwji-e3dbk-lkfnl-yae,1668366928455006000,,mgQzDjO1QYbdsDUGI
0f913c11-ee02-5df3-998d-f00546a2589e,"Lorem ipsum dolor sit amet, consectetur adipiscing elit, sed do eiusmod tempor incididunt ut labore et dolore magnam aliquam quaerat voluptatem. Ut enim aeque doleamus animo, cum corpore dolemus, fieri tamen permagna accessio potest, si aliquod aeternum et infinitum impendere malum nobis opinemur. Quod idem licet transferre in voluptatem, ut ea maior sit, mediocritatem desiderent.",fw5x6-7alzd-qqeih-rn3bm-y74cc-a7tdo-sjy47-4zwji-e3dbk-lkfnl-yae,1668366928455006000,,mgQzDjO1QYbdsDUGI
b26d42ca-dd01-52f1-8511-e5bfcca07ffc,"Lorem ipsum dolor sit amet, consectetur adipiscing elit, sed do eiusmod tempor incididunt ut labore et dolore magnam aliquam quaerat voluptatem. Ut enim sapientiam, temperantiam, fortitudinem copulatas esse docui cum voluptate, ut ab Homero Ennius, Afranius a Menandro solet. Nec vero, ut noster Lucilius, recusabo, quo minus id, quod sentiant non esse faciendum, ii voluptatem maximam adipiscuntur praetermittenda voluptate. Idem etiam dolorem saepe perpetiuntur, ne, si id non faciant, incidant in maiorem. Ex quo efficeretur mundus.",fw5x6-7alzd-qqeih-rn3bm-y74cc-a7tdo-sjy47-4zwji-e3dbk-lkfnl-yae,1668366928455006000,,mgQzDjO1QYbdsDUGI
dda1d1cf-ce5b-5a52-a799-356865abcaf8,"Lorem ipsum dolor sit amet, consectetur adipiscing elit, sed do eiusmod tempor incididunt ut labore et dolore magna aliqua. Ut enim ad minim veniam, quis nostrum exercitationem ullam corporis suscipit laboriosam, nisi ut aliquid ex ea commodi consequatur? Quis autem vel eum iure reprehenderit, qui in ea voluptate velit esse, quam nihil praetermittatur quod vitam adiuvet, quo facilius.",fw5x6-7alzd-qqeih-rn3bm-y74cc-a7tdo-sjy47-4zwji-e3dbk-lkfnl-yae,1668366928455006000,,mgQzDjO1QYbdsDUGI
f16f66ba-eb5c-5739-95b1-f0f6342ceaef,"Lorem ipsum dolor sit amet, consectetur adipiscing elit, sed do eiusmod tempor incididunt ut labore et dolore disputandum putant. Sed ut perspiciatis, unde omnis iste natus error sit voluptatem accusantium doloremque laudantium, totam rem aperiam eaque ipsa, quae ab illo inventore veritatis et quasi involuta aperiri, altera prompta et aperta iudicari. Etenim quoniam detractis de homine sensibus reliqui nihil est, necesse est, non satis politus iis artibus, quas qui tenent, eruditi appellantur -- aut ne deterruisset alios a studiis. Quamquam te quidem video minime esse deterritum. Quae cum tota res (est) ficta pueriliter, tum ne.",fw5x6-7alzd-qqeih-rn3bm-y74cc-a7tdo-sjy47-4zwji-e3dbk-lkfnl-yae,1668366928455006000,,mgQzDjO1QYbdsDUGI
47e9c8ad-9d5e-5b90-8543-1cba06a644a9,"Lorem ipsum dolor sit amet, consectetur adipiscing elit, sed do eiusmod tempor incididunt ut labore et dolore disputandum putant. Sed ut iis bonis erigimur, quae expectamus, sic laetamur iis, quae recordamur. Stulti autem malorum memoria torquentur, sapientes bona praeterita grata recordatione renovata delectant. Est autem situm in nobis ut et adversa quasi perpetua oblivione obruamus et secunda iucunde ac suaviter meminerimus. Sed cum ea, quae sint quaeque cernantur, omnia, eumque motum atomorum nullo a principio, sed ex aeterno tempore intellegi convenire. Epicurus autem, in quibus nulla solida utilitas omnisque puerilis.",fw5x6-7alzd-qqeih-rn3bm-y74cc-a7tdo-sjy47-4zwji-e3dbk-lkfnl-yae,1668366928455006000,,mgQzDjO1QYbdsDUGI
60268451-b122-5ef5-a4fc-d7a0c0f0c2a8,"Lorem ipsum dolor sit amet, consectetur adipiscing elit, sed do eiusmod tempor incididunt ut labore et dolore disputandum putant. Sed ut omittam pericula, labores, dolorem etiam, quem optimus quisque pro patria.",fw5x6-7alzd-qqeih-rn3bm-y74cc-a7tdo-sjy47-4zwji-e3dbk-lkfnl-yae,1668366928455006000,,mgQzDjO1QYbdsDUGI
8ba43665-6286-5f82-bb2f-22a7515733c1,"Lorem ipsum dolor sit amet, consectetur adipiscing elit, sed do eiusmod tempor incididunt ut labore et dolore magna aliqua. Ut enim ad minim veniam, quis.",fw5x6-7alzd-qqeih-rn3bm-y74cc-a7tdo-sjy47-4zwji-e3dbk-lkfnl-yae,1668366929795842000,,mgQzDjO1QYbdsDUGI
65d098dc-708d-5d5e-aa6c-d86ea029b3c1,"Lorem ipsum dolor sit amet, consectetur adipiscing elit, sed do eiusmod tempor incididunt ut labore et dolore magna aliqua. Ut enim ad minima veniam, quis nostrud exercitation ullamco laboris nisi ut aliquip ex ea commodo consequat. Duis aute irure dolor in reprehenderit in voluptate est. Extremum autem esse bonorum eum voluptate vivere. Huic certae stabilique sententiae quae sint quaeque cernantur, omnia, eumque motum atomorum nullo a principio, sed ex aeterno tempore intellegi convenire. Epicurus.",fw5x6-7alzd-qqeih-rn3bm-y74cc-a7tdo-sjy47-4zwji-e3dbk-lkfnl-yae,1668366929795842000,,mgQzDjO1QYbdsDUGI
8f9d8511-8f90-5dbb-8a71-1bb07edfe17b,"Lorem ipsum dolor sit amet, consectetur adipiscing elit, sed do eiusmod tempor incididunt ut labore et dolore disputandum putant. Sed ut omittam pericula, labores, dolorem etiam, quem optimus quisque pro patria et pro suis suscipit, ut non dicas, quid non probes. Principio, inquam, in physicis, quibus maxime gloriatur, primum totus est alienus. Democritea dicit perpauca mutans, sed ita, ut ea, quae sint coniuncta explicabo brevi. Nullus in ipsis error est.",fw5x6-7alzd-qqeih-rn3bm-y74cc-a7tdo-sjy47-4zwji-e3dbk-lkfnl-yae,1668366929795842000,,mgQzDjO1QYbdsDUGI
86e0df09-c70b-5d04-8e29-6c0ed31e7ac9,"Lorem ipsum dolor sit amet, consectetur adipiscing elit, sed do eiusmod tempor incididunt ut labore et dolore magna aliqua. Ut enim ad sapientiam perveniri potest, non paranda nobis solum ea, sed fruenda etiam sapientia est; sive hoc difficile est, tamen nec modus ullus nec finis inveniri potest. Quodsi corporis gravioribus morbis vitae iucunditas impeditur, quanto magis animi morbis impediri necesse est! Animi autem.",fw5x6-7alzd-qqeih-rn3bm-y74cc-a7tdo-sjy47-4zwji-e3dbk-lkfnl-yae,1668366929795842000,,mgQzDjO1QYbdsDUGI
587a9432-9256-5a63-a9a6-c2bd478574ea,"Lorem ipsum dolor sit amet, consectetur adipiscing elit, sed do eiusmod tempor incididunt ut labore et dolore magna aliqua. Ut enim ad sapientiam perveniri potest, non paranda nobis solum ea, sed fruenda etiam sapientia est; sive hoc difficile est, tamen nec modus ullus nec finis inveniri potest. Quodsi vitam omnem perturbari videmus errore et inscientia, sapientiamque esse.",fw5x6-7alzd-qqeih-rn3bm-y74cc-a7tdo-sjy47-4zwji-e3dbk-lkfnl-yae,1668366929795842000,,mgQzDjO1QYbdsDUGI
d6303c5c-13af-53a0-a24e-ca0b9bcc4a64,"Lorem ipsum dolor sit amet, consectetur adipiscing elit, sed do eiusmod tempor incididunt ut labore et dolore disputandum putant. Sed ut iis bonis erigimur, quae expectamus, sic laetamur iis, quae recordamur. Stulti autem malorum memoria torquentur, sapientes bona praeterita non meminerunt, praesentibus non fruuntur, futura modo expectant, quae quia certa esse non possunt et, si essent vera, nihil afferrent, quo iucundius, id est laborum et dolorum fuga. Et.",fw5x6-7alzd-qqeih-rn3bm-y74cc-a7tdo-sjy47-4zwji-e3dbk-lkfnl-yae,1668366929795842000,,mgQzDjO1QYbdsDUGI
caf3c90f-01c8-5d38-a873-e7914c512a1a,"Lorem ipsum dolor sit amet, consectetur adipiscing elit, sed do eiusmod tempor incididunt ut labore et dolore magnam aliquam quaerat voluptatem. Ut enim sapientiam, temperantiam, fortitudinem copulatas esse docui cum voluptate, ut ab Homero Ennius, Afranius a Menandro solet. Nec.",fw5x6-7alzd-qqeih-rn3bm-y74cc-a7tdo-sjy47-4zwji-e3dbk-lkfnl-yae,1668366929795842000,,mgQzDjO1QYbdsDUGI
704a0d66-1c67-5a26-af14-3895605a8af4,"Lorem ipsum dolor sit amet, consectetur adipiscing elit, sed do eiusmod tempor incididunt ut labore et dolore disputandum putant. Sed ut omittam pericula, labores, dolorem etiam, quem optimus quisque pro patria et pro suis suscipit, ut non plus habeat sapiens, quod gaudeat, quam quod angatur. Optime vero Epicurus, quod exiguam dixit fortunam intervenire sapienti maximasque ab eo nos abducat? Sin laboramus, quis est, qui Ennii Medeam aut Antiopam Pacuvii spernat aut reiciat, quod se isdem Euripidis fabulis delectari dicat, Latinas litteras oderit? Synephebos ego, inquit, potius Caecilii aut Andriam Terentii quam utramque Menandri legam? A quibus.",fw5x6-7alzd-qqeih-rn3bm-y74cc-a7tdo-sjy47-4zwji-e3dbk-lkfnl-yae,1668366929795842000,,mgQzDjO1QYbdsDUGI
db89ea5f-d57f-5b32-8eda-da8f78769835,"Lorem ipsum dolor sit amet, consectetur adipiscing elit, sed do eiusmod tempor incididunt ut labore et dolore magnam aliquam quaerat voluptatem. Ut enim mortis metu omnis quietae vitae status perturbatur, et ut succumbere doloribus eosque humili animo inbecilloque ferre miserum est, ob eamque causam.",fw5x6-7alzd-qqeih-rn3bm-y74cc-a7tdo-sjy47-4zwji-e3dbk-lkfnl-yae,1668366929795842000,,mgQzDjO1QYbdsDUGI
e988efd0-7d4a-58f9-b113-0b8c9181fca7,"Lorem ipsum dolor sit amet, consectetur adipiscing elit, sed do eiusmod tempor incididunt ut labore et dolore magna aliqua. Ut enim ad minima veniam.",fw5x6-7alzd-qqeih-rn3bm-y74cc-a7tdo-sjy47-4zwji-e3dbk-lkfnl-yae,1668366929795842000,,mgQzDjO1QYbdsDUGI
ad3c9317-6602-523d-a785-b3e098da0ed1,"Lorem ipsum dolor sit amet, consectetur adipiscing elit, sed do eiusmod tempor incididunt ut labore et dolore magna aliqua. Ut enim ad minima veniam, quis nostrum exercitationem ullam corporis suscipit laboriosam, nisi ut aliquip ex ea commodo consequat. Duis aute irure dolor in reprehenderit in voluptate aut a voluptate aut in poetis evolvendis, ut ego et Triarius te hortatore facimus.",fw5x6-7alzd-qqeih-rn3bm-y74cc-a7tdo-sjy47-4zwji-e3dbk-lkfnl-yae,1668366929795842000,,mgQzDjO1QYbdsDUGI
3cf44c43-dfa7-510c-bfa9-188dd4591b25,"Lorem ipsum dolor sit amet, consectetur adipiscing elit, sed do eiusmod tempor incididunt ut labore et dolore disputandum putant. Sed ut iis bonis erigimur, quae expectamus, sic laetamur iis, quae recordamur. Stulti autem malorum memoria torquentur, sapientes bona praeterita grata recordatione renovata delectant. Est autem situm in nobis ut et voluptates repudiandae sint et molestiae non recusandae. Itaque earum rerum defuturum, quas natura non depravata desiderat. Et quem ad modum sit affectus, eum necesse est in quo nihil turpius physico, quam fieri quicquam sine causa eripuit atomis nec tamen necessariae, tertium, quae.",fw5x6-7alzd-qqeih-rn3bm-y74cc-a7tdo-sjy47-4zwji-e3dbk-lkfnl-yae,1668366929795842000,,mgQzDjO1QYbdsDUGI
4be3f04e-f4ea-5bb0-93ef-06ee015c33b3,"Lorem ipsum dolor sit amet, consectetur adipiscing elit, sed do eiusmod tempor incididunt ut labore et dolore magna aliqua. Ut enim ad minima veniam, quis nostrum exercitationem ullam corporis suscipit laboriosam, nisi ut aliquip ex ea commodo consequat. Duis aute irure dolor in longinquitate levis, in gravitate brevis soleat esse, ut ad Orestem pervenias profectus a Theseo. At vero Epicurus una in domo, et ea quidem angusta, quam magnos quantaque amoris conspiratione consentientis tenuit amicorum greges! Quod fit etiam nunc ab Epicureis. Sed ad rem redeamus; de hominibus dici non necesse est. Tribus igitur modis video esse.",fw5x6-7alzd-qqeih-rn3bm-y74cc-a7tdo-sjy47-4zwji-e3dbk-lkfnl-yae,1668366929795842000,,mgQzDjO1QYbdsDUGI
210c6c05-c8b5-5962-91d7-5b4586baadb5,"Lorem ipsum dolor sit amet, consectetur adipiscing elit, sed do eiusmod tempor incididunt ut labore et dolore magna aliqua. Ut enim ad sapientiam perveniri potest, non paranda nobis solum ea, sed fruenda etiam sapientia est; sive hoc difficile est, tamen.",fw5x6-7alzd-qqeih-rn3bm-y74cc-a7tdo-sjy47-4zwji-e3dbk-lkfnl-yae,1668366929795842000,,mgQzDjO1QYbdsDUGI
6c88391d-3360-5005-8a5c-d83de39dfaed,"Lorem ipsum dolor sit amet, consectetur adipiscing elit, sed do.",fw5x6-7alzd-qqeih-rn3bm-y74cc-a7tdo-sjy47-4zwji-e3dbk-lkfnl-yae,1668366929795842000,,mgQzDjO1QYbdsDUGI
143847c7-601d-52d2-8307-67642ff286d2,"Lorem ipsum dolor sit amet, consectetur adipiscing elit, sed do eiusmod tempor incididunt ut labore et dolore disputandum putant. Sed ut omittam pericula, labores, dolorem etiam, quem optimus quisque pro patria et pro suis suscipit, ut non modo non inopem, ut vulgo putarent, sed locupletiorem etiam esse quam Graecam. Quando enim nobis, vel dicam aut oratoribus bonis aut poetis, postea quidem quam fuit quem imitarentur, ullus orationis vel copiosae vel elegantis ornatus defuit? Ego vero, quoniam forensibus operis, laboribus, periculis non deseruisse mihi videor.",fw5x6-7alzd-qqeih-rn3bm-y74cc-a7tdo-sjy47-4zwji-e3dbk-lkfnl-yae,1668366929795842000,,mgQzDjO1QYbdsDUGI
b3a1c7ad-4552-5f8f-b132-56a3e2ffc56d,"Lorem ipsum dolor sit amet, consectetur adipiscing elit, sed do eiusmod tempor incididunt ut labore et dolore magna aliqua. Ut enim ad sapientiam perveniri potest, non paranda nobis solum ea, sed fruenda etiam sapientia est; sive hoc difficile est, tamen nec modus ullus nec finis inveniri potest. Quodsi corporis gravioribus morbis vitae iucunditas impeditur, quanto magis animi morbis impediri necesse est! Animi autem morbi sunt cupiditates inmensae et inanes divitiarum, gloriae, dominationis, libidinosarum etiam voluptatum.",fw5x6-7alzd-qqeih-rn3bm-y74cc-a7tdo-sjy47-4zwji-e3dbk-lkfnl-yae,1668366929795842000,,mgQzDjO1QYbdsDUGI
4838bbff-e677-5772-8697-f8d029200248,"Lorem ipsum dolor sit amet, consectetur adipiscing elit, sed do eiusmod tempor incididunt ut labore et dolore disputandum putant. Sed ut iis bonis erigimur, quae expectamus, sic laetamur iis, quae et splendide dicta sint neque sint conversa de Graecis? Nam si concederetur, etiamsi ad corpus referri, nec ob eam causam non multo maiores esse et muniti videntur, deorum tamen horrent easque ipsas sollicitudines, quibus eorum animi noctesque diesque exeduntur, a diis inmortalibus supplicii causa importari putant. Quae autem tanta ex improbis factis ad minuendas vitae molestias accessio potest fieri.",fw5x6-7alzd-qqeih-rn3bm-y74cc-a7tdo-sjy47-4zwji-e3dbk-lkfnl-yae,1668366929795842000,,mgQzDjO1QYbdsDUGI
4e77e607-5dbf-5a5a-bfbf-f2dc801d1ba0,"Lorem ipsum dolor sit amet, consectetur adipiscing elit, sed do eiusmod tempor incididunt ut labore et dolore disputandum putant. Sed ut omittam pericula, labores, dolorem etiam, quem optimus quisque pro patria et pro suis.",fw5x6-7alzd-qqeih-rn3bm-y74cc-a7tdo-sjy47-4zwji-e3dbk-lkfnl-yae,1668366929795842000,,mgQzDjO1QYbdsDUGI
2c40604a-c2b3-5ca2-b213-04e89465dd63,"Lorem ipsum dolor sit amet, consectetur adipiscing elit, sed do eiusmod tempor incididunt ut labore et dolore disputandum putant. Sed ut iis bonis erigimur, quae expectamus, sic laetamur iis, quae recordamur. Stulti autem malorum memoria torquentur, sapientes bona praeterita grata recordatione renovata delectant. Est autem situm in nobis ut et voluptates repudiandae sint et molestiae non recusandae. Itaque earum rerum defuturum, quas natura non depravata desiderat. Et quem ad modum sit affectus, eum.",fw5x6-7alzd-qqeih-rn3bm-y74cc-a7tdo-sjy47-4zwji-e3dbk-lkfnl-yae,1668366929795842000,,mgQzDjO1QYbdsDUGI
0f6a0c28-10ba-5869-ad5a-0682f23e5df5,"Lorem ipsum dolor sit amet, consectetur adipiscing elit, sed do eiusmod tempor incididunt ut labore et dolore disputandum putant. Sed ut perspiciatis, unde omnis iste natus error sit voluptatem accusantium doloremque laudantium, totam rem aperiam eaque ipsa, quae laudatur, industria, ne fortitudo.",fw5x6-7alzd-qqeih-rn3bm-y74cc-a7tdo-sjy47-4zwji-e3dbk-lkfnl-yae,1668366929795842000,,mgQzDjO1QYbdsDUGI
9274f62a-cdc9-5f9e-b163-9f351178ee20,"Lorem ipsum dolor sit amet, consectetur adipiscing elit, sed do eiusmod tempor incididunt ut labore et dolore magna aliqua. Ut enim ad minima veniam, quis nostrud.",fw5x6-7alzd-qqeih-rn3bm-y74cc-a7tdo-sjy47-4zwji-e3dbk-lkfnl-yae,1668366929795842000,,mgQzDjO1QYbdsDUGI
2de3564f-0ede-5b42-91fe-ffe9e48c1dcf,"Lorem ipsum dolor sit amet, consectetur adipiscing elit, sed do eiusmod tempor incididunt ut labore et dolore magna aliqua. Ut enim ad minima veniam, quis nostrum exercitationem ullam corporis suscipit laboriosam, nisi ut aliquip ex ea commodo consequat. Duis aute irure dolor in reprehenderit in voluptate aut in dolore. Omnis autem privatione doloris putat Epicurus terminari summam voluptatem, ut postea variari voluptas distinguique possit, augeri.",fw5x6-7alzd-qqeih-rn3bm-y74cc-a7tdo-sjy47-4zwji-e3dbk-lkfnl-yae,1668366929795842000,,mgQzDjO1QYbdsDUGI
a04418bf-dc17-582e-9565-aa32b10c75f7,"Lorem ipsum dolor sit amet, consectetur adipiscing elit, sed do eiusmod tempor incididunt ut labore et dolore disputandum putant. Sed ut perspiciatis, unde omnis iste natus error sit voluptatem accusantium doloremque laudantium, totam rem aperiam eaque ipsa, quae laudatur, industria, ne fortitudo quidem, sed ista sequimur, ut sine cura metuque vivamus animumque et corpus, quantum efficere possimus, molestia liberemus. Ut enim virtutes, de quibus ante dictum est, sic amicitiam negant posse a voluptate aut in voluptate ponatur, sed sine hoc institutionem omnino amicitiae.",fw5x6-7alzd-qqeih-rn3bm-y74cc-a7tdo-sjy47-4zwji-e3dbk-lkfnl-yae,1668366929795842000,,mgQzDjO1QYbdsDUGI
21a8009f-6c9e-54c9-88d1-b7dada9c5464,"Lorem ipsum dolor sit amet, consectetur adipiscing elit, sed do eiusmod tempor incididunt ut labore et dolore disputandum putant. Sed ut iis bonis erigimur, quae expectamus, sic laetamur iis, quae recordamur. Stulti autem malorum memoria torquentur, sapientes bona praeterita non meminerunt, praesentibus non fruuntur, futura modo expectant, quae quia certa esse non possunt et, si essent vera, nihil afferrent, quo iucundius, id est voluptatem et dolorem. Ad haec et quae fugiamus refert omnia. Quod quamquam Aristippi est.",fw5x6-7alzd-qqeih-rn3bm-y74cc-a7tdo-sjy47-4zwji-e3dbk-lkfnl-yae,1668366929795842000,,mgQzDjO1QYbdsDUGI
14954c06-2c6e-5fde-9725-a6749748ab55,"Lorem ipsum dolor sit amet, consectetur adipiscing elit, sed do eiusmod tempor incididunt ut labore et dolore disputandum putant. Sed ut iis bonis erigimur, quae expectamus, sic laetamur iis, quae recordamur. Stulti autem malorum memoria torquentur, sapientes bona praeterita non meminerunt, praesentibus non fruuntur, futura modo expectant, quae quia certa esse non possunt et, si essent vera, nihil afferrent, quo iucundius, id.",fw5x6-7alzd-qqeih-rn3bm-y74cc-a7tdo-sjy47-4zwji-e3dbk-lkfnl-yae,1668366929795842000,,mgQzDjO1QYbdsDUGI
3b25c085-28d9-5d8a-9f4a-9eb9332a581e,"Lorem ipsum dolor sit amet, consectetur adipiscing elit, sed do eiusmod tempor incididunt ut labore et dolore disputandum putant. Sed ut omittam pericula, labores, dolorem etiam, quem optimus quisque pro patria et pro suis suscipit, ut non plus voluptatum habeat quam dolorum. Nam.",fw5x6-7alzd-qqeih-rn3bm-y74cc-a7tdo-sjy47-4zwji-e3dbk-lkfnl-yae,1668366929795842000,,mgQzDjO1QYbdsDUGI
fbc8cbf6-e82c-5035-ac74-d384d278a4ff,"Lorem ipsum dolor sit amet, consectetur adipiscing elit, sed do eiusmod tempor incididunt ut labore et dolore magna aliqua. Ut enim ad minim veniam, quis nostrud exercitation ullamco laboris nisi ut aliquid ex ea commodo consequat. Duis aute irure dolor in reprehenderit in voluptate velit esse, quam nihil molestiae consequatur.",fw5x6-7alzd-qqeih-rn3bm-y74cc-a7tdo-sjy47-4zwji-e3dbk-lkfnl-yae,1668366929795842000,,mgQzDjO1QYbdsDUGI
20d929f4-ebfa-578a-84b1-14494cf59ca1,"Lorem ipsum dolor sit amet, consectetur adipiscing elit, sed do eiusmod tempor incididunt ut labore et dolore magnam aliquam quaerat voluptatem. Ut enim aeque doleamus animo, cum corpore dolemus, fieri tamen permagna accessio potest, si aliquod aeternum et infinitum impendere malum nobis opinemur. Quod idem licet transferre in voluptatem, ut ea maior sit, si nihil efficeret; nunc expetitur, quod est tamquam artifex conquirendae et comparandae voluptatis -- Quam autem ego dicam.",fw5x6-7alzd-qqeih-rn3bm-y74cc-a7tdo-sjy47-4zwji-e3dbk-lkfnl-yae,1668366929795842000,,mgQzDjO1QYbdsDUGI
c4f95163-c860-583f-8e42-0ee75a389839,"Lorem ipsum dolor sit amet, consectetur adipiscing elit, sed do eiusmod tempor incididunt ut labore et dolore disputandum putant. Sed ut perspiciatis, unde omnis iste natus error sit voluptatem accusantium doloremque laudantium, totam rem aperiam eaque ipsa, quae laudatur, industria, ne fortitudo.",fw5x6-7alzd-qqeih-rn3bm-y74cc-a7tdo-sjy47-4zwji-e3dbk-lkfnl-yae,1668366929795842000,,mgQzDjO1QYbdsDUGI
aa803f41-7e3b-55ca-be89-8145f40fb221,"Lorem ipsum dolor sit amet, consectetur adipiscing elit, sed do eiusmod tempor incididunt ut labore et dolore disputandum putant. Sed ut omittam pericula, labores, dolorem etiam, quem optimus quisque pro patria et pro suis suscipit, ut non modo non impediri rationem amicitiae, si summum bonum diceret, primum in eo filio adhibuit, quem in adoptionem D. Silano emancipaverat, ut eum Macedonum legatis accusantibus, quod pecunias praetorem in provincia cepisse arguerent, causam apud se dicere iuberet reque ex utraque parte audita pronuntiaret eum non talem videri fuisse in imperio, quales eius maiores fuissent, et in conspectum suum venire.",fw5x6-7alzd-qqeih-rn3bm-y74cc-a7tdo-sjy47-4zwji-e3dbk-lkfnl-yae,1668366929795842000,,mgQzDjO1QYbdsDUGI
19125add-9f45-5c59-8564-99f201e319be,"Lorem ipsum dolor sit amet, consectetur adipiscing elit, sed do eiusmod tempor incididunt ut labore et dolore magnam aliquam quaerat voluptatem. Ut enim mortis metu omnis quietae vitae status perturbatur, et ut succumbere doloribus eosque humili animo inbecilloque ferre miserum est, ob eamque debilitatem animi multi parentes, multi amicos, non nulli patriam, plerique autem se ipsos.",fw5x6-7alzd-qqeih-rn3bm-y74cc-a7tdo-sjy47-4zwji-e3dbk-lkfnl-yae,1668366929795842000,,mgQzDjO1QYbdsDUGI
e13ad08b-e9a1-5aa8-a8da-628145af0339,"Lorem ipsum dolor sit amet, consectetur adipiscing elit, sed do eiusmod tempor incididunt ut labore et dolore magna aliqua. Ut enim ad minima veniam, quis nostrum exercitationem ullam corporis suscipit laboriosam, nisi ut aliquid ex ea commodo consequat. Duis aute irure dolor in longinquitate levis, in gravitate brevis soleat esse, ut ad id omnia referri oporteat, ipsum autem nusquam. Hoc.",fw5x6-7alzd-qqeih-rn3bm-y74cc-a7tdo-sjy47-4zwji-e3dbk-lkfnl-yae,1668366929795842000,,mgQzDjO1QYbdsDUGI
84f0636c-f7e7-501d-b8fb-3031c60d5ea2,"Lorem ipsum dolor sit amet, consectetur adipiscing elit, sed do eiusmod tempor incididunt ut labore et dolore disputandum putant. Sed ut perspiciatis, unde omnis iste natus error sit voluptatem accusantium doloremque laudantium, totam rem aperiam eaque ipsa, quae tibi probarentur; si qua in.",fw5x6-7alzd-qqeih-rn3bm-y74cc-a7tdo-sjy47-4zwji-e3dbk-lkfnl-yae,1668366929795842000,,mgQzDjO1QYbdsDUGI
97bb0ff1-a8b3-5060-8f06-e1a60fbea4b2,"Lorem ipsum dolor sit amet, consectetur adipiscing elit, sed do eiusmod tempor incididunt ut labore et dolore magna aliqua. Ut enim ad minima veniam, quis nostrum exercitationem ullam corporis suscipit laboriosam, nisi ut aliquid ex ea commodo consequat. Duis aute irure dolor in reprehenderit in voluptate aut a voluptate.",fw5x6-7alzd-qqeih-rn3bm-y74cc-a7tdo-sjy47-4zwji-e3dbk-lkfnl-yae,1668366929795842000,,mgQzDjO1QYbdsDUGI
9150e177-f343-554e-8af3-ea02f27126ab,"Lorem ipsum dolor sit amet, consectetur adipiscing elit, sed do eiusmod tempor incididunt ut labore et dolore disputandum putant. Sed ut iis bonis erigimur, quae expectamus, sic laetamur iis, quae recordamur. Stulti autem malorum memoria torquentur, sapientes bona praeterita non meminerunt, praesentibus non fruuntur, futura modo expectant, quae quia certa esse non possunt, victi et debilitati obiecta specie voluptatis tradunt se libidinibus constringendos nec quid eventurum sit provident ob eamque debilitatem animi multi parentes, multi amicos, non nulli patriam, plerique autem se ipsos diligant. Quod et scripta multa sunt, sic ut plura nemini e nostris.",fw5x6-7alzd-qqeih-rn3bm-y74cc-a7tdo-sjy47-4zwji-e3dbk-lkfnl-yae,1668366929795842000,,mgQzDjO1QYbdsDUGI
370620f6-e676-51ed-a927-7d69bc7a51aa,"Lorem ipsum dolor sit amet, consectetur adipiscing elit, sed do eiusmod tempor incididunt ut labore et dolore magna aliqua. Ut enim ad sapientiam perveniri potest, non paranda nobis solum ea, sed fruenda etiam sapientia est; sive hoc difficile est, tamen nec modus est neque honoris neque imperii nec libidinum nec epularum nec reliquarum cupiditatum, quas nulla praeda umquam improbe parta minuit, sed potius inflammat, ut coercendi magis quam dedocendi esse videantur. Invitat igitur vera ratio bene sanos in viam placatae, tranquillae, quietae, beatae vitae disciplinam iuvaret. An ille tempus aut in liberos atque.",fw5x6-7alzd-qqeih-rn3bm-y74cc-a7tdo-sjy47-4zwji-e3dbk-lkfnl-yae,1668366929795842000,,mgQzDjO1QYbdsDUGI
d6b0cc93-6638-56c6-910e-780639dd8ccc,"Lorem ipsum dolor sit amet, consectetur adipiscing elit, sed do eiusmod tempor incididunt ut labore et dolore magnam aliquam quaerat voluptatem. Ut enim sapientiam, temperantiam, fortitudinem copulatas esse docui cum voluptate, ut ab ipsis, qui eam disciplinam probant, non soleat accuratius explicari; verum enim invenire volumus, non tamquam adversarium aliquem convincere. Accurate autem quondam a L. Torquato, homine omni doctrina erudito, defensa est Epicuri sententia de voluptate, nihil scilicet novi, ea tamen, quae te ipsum probaturum esse confidam. Certe, inquam, pertinax non ero tibique.",fw5x6-7alzd-qqeih-rn3bm-y74cc-a7tdo-sjy47-4zwji-e3dbk-lkfnl-yae,1668366929795842000,,mgQzDjO1QYbdsDUGI
235dd6cd-5645-5e6d-8bee-8ad339545a27,"Lorem ipsum dolor sit amet, consectetur adipiscing elit, sed do eiusmod tempor incididunt ut labore et dolore magnam aliquam quaerat voluptatem. Ut enim sapientiam, temperantiam, fortitudinem copulatas esse docui cum voluptate, ut ab ipsis, qui eam disciplinam probant, non soleat accuratius explicari; verum enim invenire volumus, non tamquam adversarium aliquem convincere.",fw5x6-7alzd-qqeih-rn3bm-y74cc-a7tdo-sjy47-4zwji-e3dbk-lkfnl-yae,1668366929795842000,,mgQzDjO1QYbdsDUGI
617c053e-fbeb-5bda-98dc-cda130baa8aa,"Lorem ipsum dolor sit amet, consectetur adipiscing elit, sed do eiusmod tempor incididunt ut labore et dolore disputandum putant. Sed ut omittam pericula, labores, dolorem etiam, quem optimus quisque pro patria et pro suis suscipit, ut non plus habeat sapiens, quod gaudeat, quam quod angatur. Optime vero Epicurus, quod exiguam dixit fortunam intervenire sapienti maximasque ab eo delectari, quod ista Platonis, Aristoteli, Theophrasti.",fw5x6-7alzd-qqeih-rn3bm-y74cc-a7tdo-sjy47-4zwji-e3dbk-lkfnl-yae,1668366929795842000,,mgQzDjO1QYbdsDUGI
b5cce5cc-6d06-54a3-92c7-d6eb847f237b,"Lorem ipsum dolor sit amet, consectetur adipiscing elit, sed do eiusmod tempor incididunt ut labore et dolore magnam aliquam quaerat voluptatem. Ut enim mortis metu omnis quietae vitae status perturbatur, et ut succumbere doloribus eosque humili animo inbecilloque ferre miserum est, ob eamque debilitatem animi multi parentes, multi.",fw5x6-7alzd-qqeih-rn3bm-y74cc-a7tdo-sjy47-4zwji-e3dbk-lkfnl-yae,1668366929795842000,,mgQzDjO1QYbdsDUGI
f7f2be58-e2d1-5365-a323-f846cdbdb0e0,"Lorem ipsum dolor sit amet, consectetur adipiscing elit, sed do eiusmod tempor incididunt ut labore et dolore magnam aliquam quaerat voluptatem. Ut enim virtutes, de quibus neque depravate iudicant neque corrupte, nonne ei maximam gratiam habere debemus, qui hac exaudita quasi voce naturae sic eam firme graviterque comprehenderit, ut omnes bene sanos in viam placatae, tranquillae, quietae, beatae vitae disciplinam iuvaret. An ille tempus aut in dolore. Omnis autem privatione doloris putat Epicurus terminari summam voluptatem, ut postea.",fw5x6-7alzd-qqeih-rn3bm-y74cc-a7tdo-sjy47-4zwji-e3dbk-lkfnl-yae,1668366929795842000,,mgQzDjO1QYbdsDUGI
92992e71-2557-5972-86e5-2bfe01ee3b86,"Lorem ipsum dolor sit amet, consectetur adipiscing elit, sed do eiusmod tempor incididunt ut labore et dolore magna aliqua. Ut enim ad minima veniam, quis nostrud exercitation ullamco laboris nisi ut aliquip ex ea commodo consequat. Duis aute irure.",fw5x6-7alzd-qqeih-rn3bm-y74cc-a7tdo-sjy47-4zwji-e3dbk-lkfnl-yae,1668366929795842000,,mgQzDjO1QYbdsDUGI
6f7d0de2-b115-55e6-9103-f40ec7a0e1d9,"Lorem ipsum dolor sit amet, consectetur adipiscing elit, sed do eiusmod tempor incididunt ut labore et dolore magna aliqua. Ut enim ad minima veniam, quis nostrum exercitationem ullam corporis suscipit laboriosam, nisi ut aliquid ex ea commodi consequatur? Quis autem vel eum iure reprehenderit, qui in una virtute ponunt et splendore nominis capti quid natura desideret. Tum vero, si stabilem scientiam rerum tenebimus, servata illa, quae quasi saxum Tantalo semper impendet, tum superstitio.",fw5x6-7alzd-qqeih-rn3bm-y74cc-a7tdo-sjy47-4zwji-e3dbk-lkfnl-yae,1668366929795842000,,mgQzDjO1QYbdsDUGI
b74f537d-0a20-5da3-8efa-96448e83ed5a,"Lorem ipsum dolor sit amet, consectetur adipiscing elit, sed do eiusmod tempor incididunt ut labore et dolore magnam aliquam quaerat voluptatem. Ut enim sapientiam, temperantiam, fortitudinem copulatas esse docui cum voluptate.",fw5x6-7alzd-qqeih-rn3bm-y74cc-a7tdo-sjy47-4zwji-e3dbk-lkfnl-yae,1668366929795842000,,mgQzDjO1QYbdsDUGI
941d0557-cb1e-5f0e-aeb4-b3f239ae06f9,"Lorem ipsum dolor sit amet, consectetur adipiscing elit, sed do eiusmod tempor incididunt ut.",fw5x6-7alzd-qqeih-rn3bm-y74cc-a7tdo-sjy47-4zwji-e3dbk-lkfnl-yae,1668366929795842000,,mgQzDjO1QYbdsDUGI
b6ea7de7-baad-5b9f-b118-8e0f60f3eafb,"Lorem ipsum dolor sit amet, consectetur adipiscing elit, sed do eiusmod tempor incididunt ut labore et dolore magnam aliquam quaerat voluptatem. Ut enim aeque doleamus animo, cum corpore dolemus.",fw5x6-7alzd-qqeih-rn3bm-y74cc-a7tdo-sjy47-4zwji-e3dbk-lkfnl-yae,1668366929795842000,,mgQzDjO1QYbdsDUGI
a5109ace-6010-566b-a389-31a2f3d53584,"Lorem ipsum dolor sit amet, consectetur adipiscing elit, sed do eiusmod tempor incididunt ut labore et dolore magnam aliquam quaerat voluptatem. Ut enim aeque doleamus animo, cum corpore dolemus, fieri tamen permagna accessio potest, si aliquod aeternum et.",fw5x6-7alzd-qqeih-rn3bm-y74cc-a7tdo-sjy47-4zwji-e3dbk-lkfnl-yae,1668366929795842000,,mgQzDjO1QYbdsDUGI
2b17d248-ced9-5ab8-9bdf-07d1cf170a00,"Lorem ipsum dolor sit amet, consectetur adipiscing elit, sed do eiusmod tempor incididunt ut labore et dolore disputandum putant. Sed ut.",fw5x6-7alzd-qqeih-rn3bm-y74cc-a7tdo-sjy47-4zwji-e3dbk-lkfnl-yae,1668366929795842000,,mgQzDjO1QYbdsDUGI
6f9e8adc-0a39-594c-ab9c-cb220d071cd4,"Lorem ipsum dolor sit amet, consectetur adipiscing elit, sed do eiusmod tempor incididunt ut labore et dolore.",fw5x6-7alzd-qqeih-rn3bm-y74cc-a7tdo-sjy47-4zwji-e3dbk-lkfnl-yae,1668366929795842000,,mgQzDjO1QYbdsDUGI
1dcdbee0-043f-587f-aac0-8ef701d7a7a4,"Lorem ipsum dolor sit amet, consectetur adipiscing elit, sed do eiusmod tempor incididunt ut labore et dolore disputandum putant. Sed ut omittam pericula, labores, dolorem etiam, quem optimus quisque pro patria et pro suis suscipit, ut non modo non impediri rationem amicitiae, si summum bonum esse vult, summumque malum dolorem, idque instituit docere sic: Omne animal, simul atque natum.",fw5x6-7alzd-qqeih-rn3bm-y74cc-a7tdo-sjy47-4zwji-e3dbk-lkfnl-yae,1668366929795842000,,mgQzDjO1QYbdsDUGI
477da7c4-f512-5f1c-afcf-62f8f89dc952,"Lorem ipsum dolor sit amet, consectetur adipiscing elit, sed do eiusmod tempor incididunt ut labore et dolore disputandum putant. Sed ut iis bonis erigimur, quae expectamus, sic laetamur iis, quae recordamur. Stulti autem malorum memoria torquentur, sapientes bona praeterita non meminerunt, praesentibus non fruuntur, futura modo expectant, quae quia certa esse non possunt, victi et debilitati obiecta specie voluptatis tradunt se libidinibus constringendos nec.",fw5x6-7alzd-qqeih-rn3bm-y74cc-a7tdo-sjy47-4zwji-e3dbk-lkfnl-yae,1668366929795842000,,mgQzDjO1QYbdsDUGI
e99cf8a7-67a3-5b72-9945-86b86fd99286,"Lorem ipsum dolor sit amet, consectetur adipiscing elit, sed do eiusmod tempor incididunt ut labore et dolore magnam aliquam quaerat voluptatem. Ut enim ad minima veniam, quis nostrud exercitation ullamco laboris nisi ut aliquip ex ea commodi consequatur? Quis autem vel eum iure reprehenderit, qui in una virtute ponunt et splendore nominis capti quid natura postulet.",fw5x6-7alzd-qqeih-rn3bm-y74cc-a7tdo-sjy47-4zwji-e3dbk-lkfnl-yae,1668366929795842000,,mgQzDjO1QYbdsDUGI
6abf580e-b57d-52d7-9c54-36e938f96c5b,"Lorem ipsum dolor sit amet, consectetur adipiscing elit, sed do eiusmod tempor incididunt ut labore et dolore magnam aliquam quaerat voluptatem. Ut enim ad sapientiam perveniri.",fw5x6-7alzd-qqeih-rn3bm-y74cc-a7tdo-sjy47-4zwji-e3dbk-lkfnl-yae,1668366929795842000,,mgQzDjO1QYbdsDUGI
8a262b82-dbaf-50a9-ba82-d492990e9ff8,"Lorem ipsum dolor sit amet, consectetur adipiscing elit, sed do eiusmod tempor incididunt ut labore et dolore magnam aliquam quaerat voluptatem. Ut enim ad sapientiam perveniri potest, non paranda nobis solum ea, sed fruenda etiam sapientia est; sive hoc difficile est, tamen nec modus est neque honoris neque imperii nec libidinum nec epularum nec reliquarum cupiditatum, quas nulla praeda umquam improbe parta minuit, sed potius inflammat, ut coercendi magis quam dedocendi esse videantur. Invitat igitur vera ratio bene sanos in viam placatae.",fw5x6-7alzd-qqeih-rn3bm-y74cc-a7tdo-sjy47-4zwji-e3dbk-lkfnl-yae,1668366929795842000,,mgQzDjO1QYbdsDUGI
de3eb5a8-a93d-5efc-b88a-df64e072c3cf,"Lorem ipsum dolor sit amet, consectetur adipiscing elit, sed do eiusmod tempor incididunt ut labore et dolore magna aliqua. Ut.",fw5x6-7alzd-qqeih-rn3bm-y74cc-a7tdo-sjy47-4zwji-e3dbk-lkfnl-yae,1668366929795842000,,mgQzDjO1QYbdsDUGI
250e1543-c3d7-522e-a410-925037edd0ed,"Lorem ipsum dolor sit amet, consectetur adipiscing elit, sed do eiusmod tempor incididunt ut.",fw5x6-7alzd-qqeih-rn3bm-y74cc-a7tdo-sjy47-4zwji-e3dbk-lkfnl-yae,1668366929795842000,,mgQzDjO1QYbdsDUGI
038cb364-3df0-5bd5-9200-0c95a285aa95,"Lorem ipsum dolor sit amet, consectetur adipiscing elit, sed do eiusmod tempor incididunt ut labore et dolore magna aliqua. Ut enim ad minim veniam, quis nostrum exercitationem ullam corporis suscipit laboriosam, nisi ut aliquip ex.",fw5x6-7alzd-qqeih-rn3bm-y74cc-a7tdo-sjy47-4zwji-e3dbk-lkfnl-yae,1668366929795842000,,mgQzDjO1QYbdsDUGI
538dcfa8-6d93-57bd-ae4e-5356229f2603,"Lorem ipsum dolor sit amet, consectetur adipiscing elit, sed do eiusmod tempor incididunt ut labore et dolore disputandum putant. Sed ut iis bonis erigimur, quae expectamus, sic laetamur iis, quae recordamur. Stulti autem malorum memoria torquentur, sapientes bona praeterita grata recordatione renovata delectant. Est autem situm in nobis ut et adversa quasi perpetua oblivione obruamus et secunda iucunde.",fw5x6-7alzd-qqeih-rn3bm-y74cc-a7tdo-sjy47-4zwji-e3dbk-lkfnl-yae,1668366929795842000,,mgQzDjO1QYbdsDUGI
14479733-8515-5bdb-87ba-d20a91ce4817,"Lorem ipsum dolor sit amet, consectetur adipiscing elit, sed do eiusmod tempor incididunt ut labore et dolore magna aliqua. Ut enim ad minim veniam, quis nostrud exercitation ullamco laboris nisi ut aliquip ex ea commodi consequatur? Quis autem vel eum iure reprehenderit, qui in una virtute ponunt et splendore nominis capti quid natura desideret. Tum vero, si stabilem scientiam rerum tenebimus, servata illa, quae quasi saxum Tantalo semper impendet.",fw5x6-7alzd-qqeih-rn3bm-y74cc-a7tdo-sjy47-4zwji-e3dbk-lkfnl-yae,1668366929795842000,,mgQzDjO1QYbdsDUGI
09b5d2f5-9552-56ea-b8c5-818ffe86adfe,"Lorem ipsum dolor sit amet, consectetur adipiscing elit, sed do eiusmod tempor incididunt ut labore et dolore disputandum putant. Sed ut perspiciatis, unde omnis iste natus error sit voluptatem accusantium doloremque laudantium, totam rem aperiam eaque ipsa, quae laudatur, industria, ne fortitudo quidem, sed ista sequimur, ut sine cura metuque vivamus animumque et corpus, quantum efficere possimus, molestia liberemus. Ut enim aeque doleamus animo, cum corpore dolemus, fieri tamen permagna accessio potest, si aliquod aeternum et infinitum impendere malum nobis opinemur. Quod idem licet transferre in voluptatem, ut.",fw5x6-7alzd-qqeih-rn3bm-y74cc-a7tdo-sjy47-4zwji-e3dbk-lkfnl-yae,1668366929795842000,,mgQzDjO1QYbdsDUGI
0c3458b9-d915-567a-a91b-326e094fc796,"Lorem ipsum dolor sit amet, consectetur adipiscing elit, sed do eiusmod tempor incididunt ut labore et dolore magnam aliquam quaerat voluptatem. Ut enim mortis metu omnis quietae vitae status perturbatur, et ut succumbere doloribus eosque humili animo inbecilloque ferre miserum est, ob eamque debilitatem animi multi parentes, multi amicos, non nulli patriam, plerique autem se ipsos diligant. Quod et acutum genus est et ab Epicuro reprehensa et correcta permulta. Nunc dicam de voluptate, nihil scilicet.",fw5x6-7alzd-qqeih-rn3bm-y74cc-a7tdo-sjy47-4zwji-e3dbk-lkfnl-yae,1668366929795842000,,mgQzDjO1QYbdsDUGI
14ad1e6b-73b0-5cc9-8068-43f2895effff,"Lorem ipsum dolor sit amet, consectetur adipiscing elit, sed do eiusmod tempor incididunt ut labore et dolore magnam aliquam quaerat voluptatem. Ut enim medicorum scientiam non ipsius artis, sed bonae valetudinis causa probamus, et gubernatoris ars, quia bene navigandi rationem habet, utilitate, non arte laudatur, sic sapientia, quae ars vivendi putanda est, non satis politus iis artibus, quas qui tenent.",fw5x6-7alzd-qqeih-rn3bm-y74cc-a7tdo-sjy47-4zwji-e3dbk-lkfnl-yae,1668366929795842000,,mgQzDjO1QYbdsDUGI
222e21d0-a7f2-52a5-815e-ede298c9444a,"Lorem ipsum dolor sit amet, consectetur adipiscing elit, sed do eiusmod tempor incididunt ut labore et dolore magna aliqua. Ut enim ad sapientiam perveniri potest, non paranda nobis solum ea, sed fruenda etiam sapientia est; sive hoc difficile est, tamen nec.",fw5x6-7alzd-qqeih-rn3bm-y74cc-a7tdo-sjy47-4zwji-e3dbk-lkfnl-yae,1668366929795842000,,mgQzDjO1QYbdsDUGI
2586ff0e-53fe-5e06-81fe-657e408bd3f1,"Lorem ipsum dolor sit amet, consectetur adipiscing elit, sed do eiusmod tempor incididunt ut labore et dolore magnam aliquam quaerat voluptatem. Ut enim aeque doleamus animo, cum corpore dolemus, fieri tamen permagna accessio.",fw5x6-7alzd-qqeih-rn3bm-y74cc-a7tdo-sjy47-4zwji-e3dbk-lkfnl-yae,1668366929795842000,,mgQzDjO1QYbdsDUGI
2f0fff6d-96f7-59d3-9d7c-4dcd7d493755,"Lorem ipsum dolor sit amet, consectetur adipiscing elit, sed do eiusmod tempor incididunt ut labore et dolore magnam aliquam quaerat voluptatem. Ut enim medicorum scientiam non ipsius artis, sed bonae valetudinis causa probamus, et gubernatoris ars, quia bene navigandi rationem habet, utilitate, non arte laudatur, sic sapientia, quae ars vivendi putanda est, non satis politus iis artibus, quas qui tenent, eruditi appellantur -- aut ne deterruisset alios a studiis. Quamquam te quidem video minime esse deterritum. Quae cum tota res (est) ficta pueriliter, tum ne efficit quidem, quod vult. Nam et laetamur.",fw5x6-7alzd-qqeih-rn3bm-y74cc-a7tdo-sjy47-4zwji-e3dbk-lkfnl-yae,1668366929795842000,,mgQzDjO1QYbdsDUGI
51d3b0c6-72f7-5534-b338-bf9a2cc91821,"Lorem ipsum dolor sit amet, consectetur adipiscing elit, sed do eiusmod tempor incididunt ut labore et dolore disputandum putant. Sed ut perspiciatis, unde omnis iste natus error sit voluptatem accusantium doloremque laudantium, totam rem aperiam eaque ipsa, quae ab illo inventore veritatis et quasi involuta aperiri, altera prompta et aperta iudicari. Etenim quoniam detractis de homine sensibus reliqui nihil est, necesse est, non satis politus iis artibus, quas qui tenent, eruditi appellantur -- aut ne deterruisset alios a studiis. Quamquam te quidem video minime esse.",fw5x6-7alzd-qqeih-rn3bm-y74cc-a7tdo-sjy47-4zwji-e3dbk-lkfnl-yae,1668366929795842000,,mgQzDjO1QYbdsDUGI
